,0,1,2,3
0,0.0,0.0,0.0,1.5
1,0.1,0.007141682182010247,0.1389346128735025,1.2658257156011736
2,0.2,0.026880716037264173,0.2507352413642295,0.9588475654085202
3,0.3,0.05615631448608688,0.32863332428135533,0.5898292113640172
4,0.4,0.09128976453896298,0.36708817698773405,0.1724946088654019
5,0.5,0.12812126554600722,0.36206000989820974,-0.2769521010681999
6,0.6,0.1621714776718089,0.3112292910849944,-0.7404162534023536
7,0.7,0.18882190255384473,0.21415257383022357,-1.1985896566945735
8,0.8,0.20350734783408964,0.0723473244286153,-1.6316890128307289
9,0.9,0.20191311527592884,-0.1106989799773977,-2.0202271627849266
10,1.0,0.18016922522157505,-0.32959726653860033,-2.345787004819948
11,1.1,0.13503396372822574,-0.577201534061736,-2.5917675651111853
12,1.2,0.06405931649260117,-0.8448254919771817,-2.7440725443603697
13,1.3,-0.0342685727781982,-1.1225240142754422,-2.7917136884008102
14,1.4,-0.16041993274704724,-1.3994296342576995,-2.727304459869453
15,1.5,-0.3137478032253116,-1.6641320517269924,-2.547423601436771
16,1.6,-0.4924540050405162,-1.9050868240835963,-2.252833119189888
17,1.7,-0.6935968125427577,-2.111038139759655,-1.8485407848432123
18,1.8,-0.9131409504909876,-2.271439879001064,-1.3437032393459327
19,1.9,-1.1460489482272518,-2.376859082914405,-0.7513719432011532
20,2.0,-1.3864113176140753,-2.4193464827278723,-0.08809031794423094
21,2.1,-1.6276115379677685,-2.392759868931292,0.6266437815955552
22,2.2,-1.8625204889290532,-2.293027762395578,1.3710308620923275
23,2.3,-2.083713823323488,-2.1183430228556235,2.1217139294802916
24,2.4,-2.2837048616474727,-1.8692786109927373,2.854586443168833
25,2.5,-2.455184953775705,-1.548820609350246,3.5456340201897123
26,2.6,-2.5912629171385566,-1.1623166928013489,4.171778446139343
27,2.7,-2.685695137682851,-0.7173414017653346,4.711692391800215
28,2.8,-2.7330982119807183,-0.2234826882095774,5.146554302166483
29,2.9,-2.7291366052444945,0.3079428452436489,5.460715177118264
30,3.0,-2.6706786782893075,0.8642359235174898,5.642252312333062
31,3.1,-2.555915563275161,1.431709420212583,5.683389384097033
32,3.2,-2.3844387003476815,1.9961178353970355,5.58076737333666
33,3.3,-2.1572733341322854,2.5431059746341336,5.33555653193274
34,3.4,-1.876866853530139,3.0586606960055853,4.953405674291519
35,3.5,-1.5470324798162103,3.529549530767311,4.444231290779472
36,3.6,-1.1728504047172363,3.9437305400519955,3.821855083430215
37,3.7,-0.7605299911124185,4.29071892169695,3.1035042793056506
38,3.8,-0.31723801689049413,4.561897581539996,2.3091942580511144
39,3.9,0.14910088432906432,4.75076106467879,1.461017435450857
40,4.0,0.6300244973551206,4.853084817794429,0.5823658029903351
41,4.1,1.1167662647573393,4.867014621977391,-0.3028830989537834
42,4.2,1.600493377010832,4.793074083598698,-1.1711857902531109
43,4.3,2.0725415432616376,4.6340911789176165,-2.00012706737005
44,4.4,2.5246385254299417,4.395047894572766,-2.7691590720166714
45,4.5,2.94910906785558,4.082859871937882,-3.4602578368464956
46,4.6,3.339054677043112,3.70609553712135,-4.058473374079754
47,4.7,3.6885027669865247,3.2746463806467676,-4.552353736063957
48,4.8,3.992520941562477,2.7993617579003955,-4.934228585852266
49,4.9,4.2472935856567435,2.2916627487198227,-5.200343465773592
50,5.0,4.450159424721243,1.7631501991166003,-5.35084191647403
51,5.1,4.599610228903026,1.225222050461383,-5.38959863983665
52,5.2,4.695252322533643,0.6887144459246944,-5.323912775850132
53,5.3,4.737733954046322,0.16357991876422617,-5.1640758423108615
54,5.4,4.72864283069259,-0.34138573700129304,-4.922833750024837
55,5.5,4.670379178282491,-0.8187584645385255,-4.614766362785587
56,5.6,4.566010508140432,-1.2626358718246782,-4.255611161378906
57,5.7,4.41911483075309,-1.668717915531873,-3.861559573743453
58,5.8,4.233619328221999,-2.0343170758190205,-3.4485553724998557
59,5.9,4.0136414772557565,-2.358299689019744,-3.0316241864269102
60,6.0,3.7633393045763794,-2.6409629429563295,-2.6242616421051195
61,6.1,3.4867768725205623,-2.8838546680518293,-2.237905011000446
62,6.2,3.1878102606070926,-3.089545370622453,-1.8815095953455663
63,6.3,2.8699982652106044,-3.2613638597859613,-1.5612465929639874
64,6.4,2.536540829007679,-3.4031092401191847,-1.2803340203652094
65,6.5,2.1902468859763697,-3.5187529221063216,-1.0390066553370658
66,6.6,1.8335319224244924,-3.612144607121665,-0.8346251133723865
67,6.7,1.4684441680657747,-3.6867359221465597,-0.6619183340916814
68,6.8,1.0967170017397951,-3.7453345243950196,-0.5133481613323677
69,6.9,0.7198439397167109,-3.7899001035531352,-0.37957958070022313
70,7.0,0.3391715216660507,-3.8213918372710185,-0.2500357389093416
71,7.1,-0.04399543545577017,-3.8396745811998283,-0.11351329048251671
72,7.2,-0.42828234646628993,-3.843488491907656,0.04116895506294671
73,7.3,-0.8121335926155131,-3.830483995677427,0.22451657352713006
74,7.4,-1.1937079923734866,-3.797321143020009,0.4457300313445358
75,7.5,-1.570787279975919,-3.7398295459351574,0.712127038323739
76,7.6,-1.9407033465918249,-3.6532223996422317,1.0286425852479504
77,7.7,-2.3002892247315883,-3.5323556539912957,1.3974293900172194
78,7.8,-2.6458577958213554,-3.3720213230593536,1.817577417743002
79,7.9,-2.9732110141771564,-3.1672622911576456,2.2849662998907627
80,8.0,-3.277681116160418,-2.9136948583533733,2.7922590493856294
81,8.1,-3.5542038751849763,-2.6078247166874386,3.3290396706832075
82,8.2,-3.7974225292583443,-2.247342084942414,3.882091329528277
83,8.3,-4.001819607019537,-1.8313823567648715,4.435805915740163
84,8.4,-4.16187256889906,-1.3607398120342555,4.972710339456486
85,8.5,-4.2722280168167694,-0.8380236594781507,5.474089969301062
86,8.6,-4.327888257902241,-0.26774785332669304,5.920685450344744
87,8.7,-4.324403276633544,0.34365132665865517,6.293435900848349
88,8.8,-4.258060707821135,0.9878731243301225,6.574239313031651
89,8.9,-4.126066231675161,1.6548857997695228,6.746699965610687
90,9.0,-3.9267069419240843,2.333132959560331,6.796832839690896
91,9.1,-3.659490666764065,3.0098069773271754,6.713696412033016
92,9.2,-3.3252549365298147,3.6711810118402703,6.489927730139801
93,9.3,-2.9262402661651494,4.302988691276015,6.122157255593489
94,9.4,-2.4661236191310483,4.890838498684968,5.6112854570737705
95,9.5,-1.9500092975171972,5.420648348167284,4.9626083673501045
96,9.6,-1.3843760086623682,5.879084847452949,4.185785084424848
97,9.7,-0.7769804340700409,6.253991342653909,3.2946462694819525
98,9.8,-0.13671921130349352,6.534789053672018,2.3068488343483082
99,9.9,0.526547227338875,6.712836428747199,1.2433879766710734
100,10.0,1.2022040936899314,6.781733244583542,0.12798327633125817
101,10.1,1.8791188391751636,6.737557902221917,-1.0136395079986518
102,10.2,2.5458977463529116,6.579028745346769,-2.154545202926055
103,10.3,3.1911545730143978,6.307582966078003,-3.2674356933233595
104,10.4,3.8037828099091446,5.927369658180911,-4.325515251759446
105,10.5,4.37322292527415,5.445156713467492,-5.303343063002163
106,10.6,4.88971609704749,4.870154412721192,-6.177641698262944
107,10.7,5.34453637279103,4.2137616156160735,-6.928031919633918
108,10.8,5.730193931727497,3.489243286605414,-7.537666967711301
109,10.9,6.040603125279336,2.7113505959966253,-7.993743296474452
110,11.0,6.271210204094524,1.8958969106974493,-8.287869419882492
111,11.1,6.419077053907979,1.0593045574314122,-8.416279940070806
112,11.2,6.482918805839532,0.2181382424807894,-8.379887725418113
113,11.3,6.463094800080176,-0.6113585916267001,-8.184173366684524
114,11.4,6.361554003970259,-1.4137084147342454,-7.83891721927405
115,11.5,6.18173755463042,-2.174610036751493,-7.357785297217
116,11.6,5.928442553188082,-2.88130099459341,-6.757785786449651
117,11.7,5.607652527409077,-3.5228600032770045,-6.058617776365007
118,11.8,5.226341054039134,-4.090439942474624,-5.281937781132162
119,11.9,4.792255851787038,-4.577424563935354,-4.450572581830235
120,12.0,4.3136911911400455,-4.979505059681381,-3.587708753184415
121,12.1,3.7992566998229718,-5.294675709242198,-2.71608987554902
122,12.2,3.2576505663448168,-5.5231509053347425,-1.8572518521314638
123,12.3,2.6974447645050854,-5.667208820512493,-1.03082497993583
124,12.4,2.126889256609579,-5.730969706611491,-0.2539285343286328
125,12.5,1.5537412112595257,-5.720119208157923,0.45932026052807196
126,12.6,0.985124131673427,-5.641589027928386,1.0981657324512022
127,12.7,0.42742047971182595,-5.503208732685183,1.6554299707268223
128,12.8,-0.11380004727499526,-5.313343375258874,2.127579797306793
129,12.9,-0.6338159170075174,-5.08053190365825,2.514644570291696
130,13.0,-1.128753657154168,-4.813141020546339,2.819990869447029
131,13.1,-1.5955544878449828,-4.519048263054874,3.04996581572771
132,13.2,-2.0319112444543745,-4.2053666326975225,3.213425975072224
133,13.3,-2.4361802836897692,-3.8782211790077112,3.321173284628522
134,13.4,-2.8072739927878763,-3.542585608663546,3.3853230394165013
135,13.5,-3.144540198866437,-3.202184350492428,3.418631547378732
136,13.6,-3.4476351775909464,-2.8594626642447443,3.433812500447397
137,13.7,-3.7163970729422537,-2.5156244535543797,3.4428713637167725
138,13.8,-3.9507263604737264,-2.1707345503537816,3.4564861467001418
139,13.9,-4.150479524373038,-1.8238794968109846,3.483460830447534
140,14.0,-4.315381394723259,-1.4733783728546552,3.530274568666168
141,14.1,-4.444960637038962,-1.1170331029637934,3.60074568925683
142,14.2,-4.538511742213364,-0.7524060106767408,3.6958246616651538
143,14.3,-4.595085579897024,-0.37711124049430755,3.8135247627271904
144,14.4,-4.613509206180201,0.010893919181655276,3.948993389684409
145,14.5,-4.592434214913736,0.4130317782346343,4.094721068178256
146,14.6,-4.530411549885874,0.829854432142055,4.240879424336982
147,14.7,-4.425989409966268,1.2608336262760549,4.375773967592754
148,14.8,-4.277829735274285,1.7042008657397778,4.486392684316669
149,14.9,-4.084837807727987,2.156846228403902,4.559027368278326
150,15.0,-3.846298774585109,2.6142818661884553,4.5799414778358285
151,15.1,-3.562014440051998,3.0706734458022207,4.536056239480318
152,15.2,-3.2324334883426844,3.518939896313847,4.415625797935559
153,15.3,-2.8587684108795717,3.950918914506664,4.2088724832637165
154,15.4,-2.4430928079447503,4.35759284888175,3.9085547163788146
155,15.5,-1.9884134065542725,4.7293669550587625,3.510442649590027
156,15.6,-1.498712055969613,5.056389696888845,3.013680236641134
157,15.7,-0.9789540942219775,5.32890285428194,2.4210169043613585
158,15.8,-0.435060778678654,5.537607769895532,1.7388971771944168
159,15.9,0.12615511059245843,5.674033182453637,0.9774022798565879
160,16.0,0.6970899106538869,5.730889792838307,0.15004368539765478
161,16.1,1.2694838991669632,5.702397005184973,-0.7265854518587811
162,16.2,1.8345868256073175,5.584568170037349,-1.6332892760609048
163,16.3,2.3833493746612984,5.375442097575814,-2.5488615975327877
164,16.4,2.9066346562610312,5.075250551069474,-3.450769956245139
165,16.5,3.395442902956728,4.686513798868346,-4.315905864561519
166,16.6,3.8411418958961603,4.214059005077029,-5.121372886600195
167,16.7,4.235695263748062,3.6649591686008027,-5.845282498895538
168,16.8,4.571880721535699,3.0483933622367854,-6.467527149053613
169,16.9,4.843490543798623,2.3754320578274384,-6.970500609827683
170,17.0,5.045507091987575,1.6587542301316853,-7.339737591439156
171,17.1,5.174247020925025,0.9123055957107992,-7.564447553797459
172,17.2,5.227468843840463,0.1509096578570055,-7.637921636899987
173,17.3,5.204439800278838,-0.610154897903505,-7.557796446666943
174,17.4,5.105959398050925,-1.355595555954724,-7.326163905669407
175,17.5,4.934338534803879,-2.070550382356786,-6.949522288360705
176,17.6,4.693334687831899,-2.7410196252202845,-6.43856967562254
177,17.7,4.388045231470686,-3.3542690614179302,-5.8078471424242375
178,17.8,4.024762439235898,-3.8991906721616987,-5.075244795124559
179,17.9,3.6107950949396495,-4.366607811611403,-4.261389072145903
180,18.0,3.154262820553265,-4.749514109932518,-3.3889343040292528
181,18.1,2.663870182907792,-5.043237844268748,-2.4817852150590567
182,18.2,2.1486683296962306,-5.245526320719005,-1.5642796929750749
183,18.3,1.6178123013072532,-5.356547827833593,-0.6603626512344984
184,18.4,1.0803222538493746,-5.378811829384069,0.20721789929221102
185,18.5,0.544856607402434,-5.317011139689984,1.0176623768140942
186,18.6,0.01950461127422365,-5.17779274835224,1.7527906655530583
187,18.7,-0.4883949841794276,-4.96946661863333,2.397607776579761
188,18.8,-0.9724035098868457,-4.70166407128619,2.940743416835187
189,18.9,-1.4270958320193,-4.384959194377134,3.3747497257082877
190,19.0,-1.8481347087078073,-4.030468018771235,3.696247020741153
191,19.1,-2.232304595567849,-3.6494409186306838,3.905913362230006
192,19.2,-2.577505002777369,-3.252863809645341,4.008319864385059
193,19.3,-2.8827050439493522,-2.851083221896051,4.011619706225084
194,19.4,-3.147862275280786,-2.453469240467585,3.927104490268964
195,19.5,-3.373810245684081,-2.0681286796383045,3.768646736406682
196,19.6,-3.5621203135914303,-1.7016787515898524,3.5520516793897454
197,19.7,-3.7149441902006877,-1.3590889928322993,3.294344988763715
198,19.8,-3.834844307712464,-1.0435964210938984,3.01302541449823
199,19.9,-3.9246194608256078,-0.7566959238865991,2.7253125872646002
200,20.0,-3.9871332181940584,-0.4982048459291101,2.447420222642422
201,20.1,-4.025152347497855,-0.2663977669594567,2.1938837948709695
202,20.2,-4.041201955040339,-0.05820466252872125,1.976969407367752
203,20.3,-4.037443231656636,0.1305368707801448,1.8061871893086932
204,20.4,-4.01557865506988,0.3047867682003711,1.6879282273891354
205,20.5,-3.976788267717714,0.46997812310387627,1.6252389733584345
206,20.6,-3.921699279007411,0.6316774992287806,1.617741454593643
207,20.7,-3.850389787888609,0.7952446790033689,1.6617016819246238
208,20.8,-3.76242594469002,0.9655065364995337,1.7502426337612347
209,20.9,-3.6569304303008354,1.1464590663085827,1.8736923389783937
210,21.0,-3.532678784359159,1.3410103744680402,2.0200521171237074
211,21.1,-3.3882189165949965,1.5507756948329412,2.1755651815830954
212,21.2,-3.2220081352314507,1.7759333049983237,2.325361763057992
213,21.3,-3.032561263722647,2.015147668873635,2.45415382846222
214,21.4,-2.8186029228204137,2.2655633313675136,2.546950476809959
215,21.5,-2.5792168488830667,2.5228701475667332,2.5897642679110184
216,21.6,-2.3139852096993003,2.781437463078705,2.5702791140466106
217,21.7,-2.023111262167652,3.034511993480623,2.478451923591881
218,21.8,-1.7075193564120792,3.2744714947584255,2.3070228657268905
219,21.9,-1.3689272016152725,3.4931239803275087,2.051912819049824
220,22.0,-1.0098864332007864,3.682040317949306,1.7124911256690776
221,22.1,-0.6337888135582581,3.8329066092130186,1.2917020132189678
222,22.2,-0.24483680705002148,3.937881873131768,0.7960437599719878
223,22.3,0.15202126237341723,3.9899462596578905,0.23540063370051356
224,22.4,0.5511897953424003,3.983225320929111,-0.37726640563526703
225,22.5,0.946555159840214,3.9132767562230817,-1.0263585249001126
226,22.6,1.3316412185784325,3.777327485822823,-1.69419038423983
227,22.7,1.699785645335023,3.5744508420762755,-2.3616324925764767
228,22.8,2.0443306278393654,3.3056760158463074,-3.008819269264884
229,22.9,2.358820899997831,2.974024569527652,-3.6158948139242106
230,23.0,2.6372016705074985,2.5844717170925056,-4.163766790080788
231,23.1,2.8740089341136397,2.143833061724193,-4.634838415277552
232,23.2,3.0645448700440365,1.6605804528997747,-5.013689338099578
233,23.3,3.2050315416476,1.1445934583427877,-5.2876781405217255
234,23.4,3.2927368924612836,0.6068555285598303,-5.44744225471567
235,23.5,3.3260680564218084,0.059106159129223235,-5.487275105877336
236,23.6,3.304628223636761,-0.48653786094471196,-5.405365126799364
237,23.7,3.2292346798524076,-1.0179777594546489,-5.203886743373753
238,23.8,3.1018971131501916,-1.5235295947302427,-4.888939285705516
239,23.9,2.925756797110509,-1.992307414101501,-4.470335803637468
240,24.0,2.704988755660736,-2.4145780953954596,-3.96124971797795
241,24.1,2.4446704317482566,-2.782074288615645,-3.3777328820842207
242,24.2,2.1506216636032027,-3.0882534932119903,-2.7381237374065077
243,24.3,1.829221867760917,-3.328493400169458,-2.062368617082563
244,24.4,1.487211193641988,-3.500216114669196,-1.371282708996166
245,24.5,1.1314830158806042,-3.602936655744593,-0.6857795955250752
246,24.6,0.7688754437724941,-3.6382340938231095,-0.026099545027582494
247,24.7,0.40596953964608623,-3.6096467175845577,0.5889332107936407
248,24.8,0.04890164905637434,-3.522495597753652,1.142595122130096
249,24.9,-0.29680333315105806,-3.383643718959882,1.620863096787596
250,25.0,-0.6263717827404083,-3.201200370143348,2.012905979395525
251,25.1,-0.9358893531573458,-2.9841826189315617,2.311448604410695
252,25.2,-1.2223735410114516,-2.7421473609961637,2.5129943519354665
253,25.3,-1.4838085914825092,-2.4848085653143785,2.6178977543490576
254,25.4,-1.7191420196757163,-2.221654885507539,2.6302846574569863
255,25.5,-1.9282435433422669,-1.9615827541130662,2.557823495273312
256,25.6,-2.111828706300028,-1.7125594228560543,2.4113571516021044
257,25.7,-2.271350861390613,-1.481329183718909,2.204410418778502
258,25.8,-2.4088664217065205,-1.2731742517380293,1.9525930037202222
259,25.9,-2.5268793298818513,-1.0917395807982164,1.6729221770206444
260,26.0,-2.628171496144806,-0.9389283062232705,1.3830923469666194
261,26.1,-2.71562648482444,-0.8148716653118369,1.1007209400495372
262,26.2,-2.7920539651612404,-0.7179742523546981,0.8426008989584088
263,26.3,-2.860022376327974,-0.645032437377646,0.6239898309979017
264,26.4,-2.9217068912952655,-0.5914208384876172,0.4579643652370424
265,26.5,-2.978759114273024,-0.551339003381961,0.35486566399781894
266,26.6,-3.032204037964256,-0.5181080352877141,0.32185838740074457
267,26.7,-3.0823686561296335,-0.48450488881785314,0.3626208736559957
268,26.8,-3.1288453191888337,-0.4431205421212495,0.4771790531145683
269,26.9,-3.1704914880503217,-0.3867272838928222,0.6618908695028178
270,27.0,-3.20546604131966,-0.3086399759879169,0.9095819659185638
271,27.1,-3.231300783445773,-0.20305637975208096,1.2098273455561586
272,27.2,-3.24500434649965,-0.06536245784234684,1.5493678785305338
273,27.3,-3.243194334332315,0.10761004935504617,1.9126451290658841
274,27.4,-3.2222523786198276,0.31738457769173545,2.2824332366264835
275,27.5,-3.178495809021588,0.5637076994243838,2.64054268910229
276,27.6,-3.1083589231791975,0.8444898955683666,2.968567931089714
277,27.7,-3.008576405420782,1.1558220420935899,3.2486489709866206
278,27.8,-2.876361303543884,1.4920674882924028,3.464216557995332
279,27.9,-2.709570136835188,1.8460265835851486,3.6006911179142005
280,28.0,-2.506848169389964,2.2091676084443748,3.646107440336326
281,28.1,-2.2677486228407675,2.5719154014105707,3.591640027899889
282,28.2,-1.9928205927102862,2.9239866533221055,3.432007934546922
283,28.3,-1.683661633734372,3.254758954239658,3.165742678616504
284,28.4,-1.3429323442277565,3.553659303154234,2.795308228783149
285,28.5,-0.9743317539448355,3.81055698018048,2.3270679111289514
286,28.6,-0.5825338456129308,4.016145467838659,1.7710991413808965
287,28.7,-0.17308705702952865,4.162298500755541,1.1408629067869942
288,28.8,0.24771994168619,4.2423863061184965,0.452740667926963
289,28.9,0.6730215796809269,4.251539631488817,-0.27454340638312164
290,29.0,1.0955620669080677,4.186851181207054,-1.020592426297399
291,29.1,1.5078987475594445,4.047506517218495,-1.7640729049644384
292,29.2,1.9026147881365505,3.8348392280551304,-2.483488329102694
293,29.3,2.2725334896710354,3.5523081218589967,-3.157960019540247
294,29.4,2.6109264409311344,3.2053972385764617,-3.767984855229755
295,29.5,2.911707960033486,2.8014424822443185,-4.296140370882758
296,29.6,3.169608796383958,2.349391527472098,-4.727709843611487
297,29.7,3.3803228623147454,1.859506241785152,-5.051203173382769
298,29.8,3.5406218023806106,1.3430190850505552,-5.258753508099302
299,29.9,3.648433446703095,0.8117567110924613,-5.3463745011108506
300,30.0,3.7028815838026716,0.2777452353390455,-5.314068619873849
301,30.1,3.704285972910467,-0.2471877025936382,-5.165782828709375
302,30.2,3.654123036957863,-0.7517988867318767,-4.909214010779313
303,30.3,3.554949175083554,-1.22578882367644,-4.55547243375534
304,30.4,3.4102900483778082,-1.660120847558885,-4.118617163667341
305,30.5,3.2245004688889245,-2.0472881338462376,-3.615082369213688
306,30.6,3.002600609436846,-2.3815188399267604,-3.0630177340632443
307,30.7,2.750095107903072,-2.658912087694364,-2.481569537567061
308,30.8,2.4727822310763834,-2.8775002826131026,-1.8901312423051528
309,30.9,2.1765605671256365,-3.0372362136275686,-1.3075935500620712
310,31.0,1.8672407211489805,-3.139906380720359,-0.7516238123374221
311,31.1,1.5503691957647916,-3.1889749318401703,-0.23800341141607895
312,31.2,1.2310710610210112,-3.1893653410704244,0.21995068488884972
313,31.3,0.9139171790540712,-3.147189415498332,0.6118574500572604
314,31.4,0.6028206833934272,-3.06943528136294,0.9306180271545467
315,31.5,0.30096616408302923,-2.963627588565942,1.1726233742067318
316,31.6,0.010773628662957224,-2.8374742234291164,1.3378156645627608
317,31.7,-0.2661021484426488,-2.698514291151714,1.4296017035911557
318,31.8,-0.5287377504154073,-2.5537820034555136,1.4546226102253281
319,31.9,-0.7768750111865281,-2.409500389047743,1.422389822834112
320,32.0,-1.01082630425028,-2.2708174641441836,1.3448028908012761
321,32.1,-1.231356032311148,-2.141595709279343,1.2355692895827528
322,32.2,-1.4395440993825155,-2.024263469354236,1.1095504564286367
323,32.3,-1.6366378822524084,-1.9197343162711444,0.9820612276449356
324,32.4,-1.8238996826367704,-1.8273975914869236,0.8681517464785983
325,32.5,-2.002456816034311,-1.7451803931075804,0.7819016275011206
326,32.6,-2.173161371135661,-1.669678307741708,0.735755679645056
327,32.7,-2.3364662594447725,-1.5963493307341503,0.7399288247407299
328,32.8,-2.492323485139961,-1.5197627848489434,0.8019050676967476
329,32.9,-2.6401096278501535,-1.4338927433166408,0.9260515891994046
330,33.0,-2.778582383675075,-1.3324435816220306,1.1133643930241346
331,33.1,-2.9058706986693337,-1.2091938998288954,1.3613566330091134
332,33.2,-3.0194996070326705,-1.058344230031238,1.6640949815067114
333,33.3,-3.1164494108417498,-0.8748537058987689,2.0123834121263693
334,33.4,-3.1932473690124508,-0.6547512338824903,2.394087794404048
335,33.5,-3.2460886598474437,-0.3954076550783908,2.7945889758729923
336,33.6,-3.2709821010317905,-0.09575688612712457,3.1973467871238963
337,33.7,-3.2639150055125308,0.24354398207593975,3.5845528579888457
338,33.8,-3.221030666658435,0.6200232463113036,3.937846460639558
339,33.9,-3.138811338043121,1.029376712127339,4.23906494604589
340,34.0,-3.014259228532266,1.4655253435480082,4.470998821086221
341,34.1,-2.845067987223255,1.9207473891653168,4.618121186840807
342,34.2,-2.6297774084385397,2.385880938457656,4.667262138937726
343,34.3,-2.3679046356367195,2.85059001544376,4.6082007848742945
344,34.4,-2.0600459643044218,3.303684730989168,4.434150680824253
345,34.5,-1.7079444062550293,3.7334837937373235,4.14211860777057
346,34.6,-1.3145194402497398,4.1282059118882755,3.733121531383854
347,34.7,-0.8838567873893686,4.476375375120724,3.2122521271552933
348,34.8,-0.4211575591141436,4.7672264383059915,2.588589182654076
349,34.9,0.06735232821362341,4.991091063964725,1.8749552773876705
350,35.0,0.5745500559668311,5.139755122434479,1.0875301461468465
351,35.1,1.0925772685615929,5.206769277148034,0.24533381563995837
352,35.2,1.6130297488553151,5.187702453695401,-0.6304012589532555
353,35.3,2.1271691447412397,5.080327940332749,-1.5169454451223154
354,35.4,2.6261496170631338,4.884734710212239,-2.390847499002694
355,35.5,3.101251677831078,4.603359392102625,-3.2287409756562964
356,35.6,3.544115180313537,4.24093733533431,-4.0081507735927175
357,35.7,3.9469634212660702,3.8043742974569286,-4.708269071454751
358,35.8,4.302810620652069,3.3025433084158595,-5.310671091737135
359,35.9,4.605645643985226,2.7460141139727945,-5.799943465759453
360,36.0,4.850585703560994,2.146725161636451,-6.164201383180575
361,36.1,5.033994883367422,1.5176102639845395,-6.395475052981664
362,36.2,5.153563635082002,0.8721937718178716,-6.489951108843446
363,36.3,5.2083468383798355,0.22416924675765926,-6.44806025777354
364,36.4,5.198759551327962,-0.4130228052346946,-6.274408472112503
365,36.5,5.126531136107265,-1.026602613084877,-5.977555123855408
366,36.6,4.994619970900817,-1.6048293460819854,-5.569647415003931
367,36.7,4.807092391165229,-2.1373361773447614,-5.065926032702215
368,36.8,4.5689707870935194,-2.6154102845013294,-4.484121932729194
369,36.9,4.286056869300244,-3.03220807345232,-3.8437683330410612
370,37.0,3.9647369599687874,-3.3828984886992037,-3.1654552158114684
371,37.1,3.6117767398347715,-3.6647301195014372,-2.4700557654844464
372,37.2,3.234113161217284,-3.8770208117833502,-1.7779551287837145
373,37.3,2.8386512142971974,-4.0210715319675145,-1.108311634103014
374,37.4,2.432072910454526,-4.100009180257475,-0.47837916400059255
375,37.5,2.0206652371020866,-4.118565800388428,0.09708320502050061
376,37.6,1.6101729687986341,-4.082804071790541,0.6062917921118774
377,37.7,1.2056811254779893,-3.9998010022924078,1.040791124340396
378,37.8,0.8115305952065093,-3.87730328512555,1.3956661665584167
379,37.9,0.4312690378217632,-3.723368782803737,1.669606861874378
380,38.0,0.06763771390000367,-3.546009014094156,1.8648238418334624
381,38.1,-0.2774065997895267,-3.3528473338554496,1.9868201608070004
382,38.2,-0.6026368821058521,-3.15080671808451,2.044029693969265
383,38.3,-0.9074719292913442,-2.9458397308106736,2.0473381814228517
384,38.4,-1.1918679789367654,-2.7427114105263684,2.0095075891507204
385,38.5,-1.4561916320475665,-2.544843546758221,1.9445283034840593
386,38.6,-1.7010805283832253,-2.3542262143449846,1.866926526423919
387,38.7,-1.9272986767755598,-2.1713995995564837,1.7910559810864664
388,38.8,-2.135593498558139,-1.9955062030647504,1.7304036008057344
389,38.9,-2.3265615029327344,-1.8244105592206779,1.6969382402328739
390,39.0,-2.5005290843902857,-1.654880788130596,1.7005296383374355
391,39.1,-2.657454232216235,-1.4828237107141706,1.7484619547204772
392,39.2,-2.7968539996303416,-1.3035630117540329,1.8450623092992746
393,39.3,-2.917761434021797,-1.1121481226809011,1.9914600377598484
394,39.4,-3.0187143670597503,-0.9036801878718198,2.1854870208228103
395,39.5,-3.097777057550835,-0.6736407286639672,2.42172366945602
396,39.6,-3.1525942283440975,-0.4182084587598627,2.6916891827260923
397,39.7,-3.180475600803815,-0.13455014021530665,2.984168779675335
398,39.8,-3.1785076653364186,0.1789276161969069,3.2856649791629398
399,39.9,-3.1436881902542595,0.522377149000314,3.580954888297446
400,40.0,-3.0730779148473815,0.8943686547611052,3.8537310667010742
401,40.1,-2.9639630397004937,1.2918162937010598,4.087300037462237
402,40.2,-2.8140215528817274,1.70997585335133,4.2653100575246965
403,40.3,-2.621486139140009,2.1425154169087586,4.372478440257909
404,40.4,-2.3852964238336036,2.581657495810567,4.395288595422917
405,40.5,-2.105233605243169,3.018388146249327,4.3226280234205126
406,40.6,-1.7820311175162225,3.44272581516409,4.146340730386564
407,40.7,-1.417455819522638,3.844040164465133,3.8616708308753105
408,40.8,-1.0143552894798136,4.211409003749988,3.467578345214339
409,40.9,-0.5766680790685313,4.53399980745282,2.9669132111378564
410,41.0,-0.1093951939473723,4.801461169735289,2.366439115060535
411,41.1,0.38146743558711793,5.004309005854828,1.6767046853537648
412,41.2,0.8890342087279584,5.134292365630615,0.9117656420388209
413,41.3,1.405670062526078,5.184724382424624,0.08876742344333943
414,41.4,1.923161473375131,5.1507651152851635,-0.7725966255819863
415,41.5,2.432912850268745,5.029644805101934,-1.6507314392460708
416,41.6,2.926161878258417,4.820818289224856,-2.522866528367019
417,41.7,3.3942065721359906,4.526043916038531,-3.36583488154446
418,41.8,3.8286362761401667,4.149383169547732,-4.156874795895313
419,41.9,4.221558617025983,3.6971202413018096,-4.874423965581699
420,42.0,4.565814495082626,3.1776038537300524,-5.498875367458405
421,42.1,4.855173578533339,2.6010166242538966,-6.013265895848317
422,42.2,5.084503437120697,1.9790800455850526,-6.403871257720169
423,42.3,5.249906385062558,1.324705634415592,-6.66068424481133
424,42.4,5.34881926602476,0.6516048704401305,-6.777758008326027
425,42.5,5.380072758354126,-0.02612787142623285,-6.7534011966169505
426,42.6,5.343908255374914,-0.6944441630846255,-6.590217569730013
427,42.7,5.241951925729076,-1.3397664691690359,-6.294988749227299
428,42.8,5.077147122290244,-1.9493936977069215,-5.878404858092262
429,42.9,4.853647824341113,-2.5118726297892238,-5.354653712489387
430,43.0,4.5766772075996,-3.017321847347787,-4.740884710957923
431,43.1,4.252356685654156,-3.457696641062851,-4.056568410358048
432,43.2,3.8875118061456075,-3.826985687615074,-3.322776790111814
433,43.3,3.4894621756220716,-4.121332945581095,-2.561412228617648
434,43.4,3.0658030982711058,-4.339081126959669,-1.7944151291650878
435,43.5,2.62418682662735,-4.4807361415900315,-1.0429808623342172
436,43.6,2.1721112295913616,-4.548854964414934,-0.32681620989948645
437,43.7,1.7167232894787114,-4.547862320101087,0.3365361779922236
438,43.8,1.2646441620236897,-4.483804299828944,0.9322795974546522
439,43.9,0.8218215991637916,-4.364049414001131,1.448829470532036
440,44.0,0.3934143819834748,-4.196949548377797,1.8781466500861892
441,44.1,-0.01628791308793609,-3.9914747529184362,2.215925949309127
442,44.2,-0.40390793463480973,-3.756836695636445,2.4616337936025543
443,44.3,-0.7669859867182924,-3.502115923595767,2.618394918705304
444,44.4,-1.103948997500821,-3.235907778993344,2.692734052689679
445,44.5,-1.4140455994321326,-2.9660009333396435,2.6941842812472947
446,44.6,-1.69725122314809,-2.699101063856839,2.6347790762102825
447,44.7,-1.954148266763326,-2.44061026218473,2.528449556522919
448,44.8,-2.185787346806584,-2.19447041482071,2.3903522666124237
449,44.9,-2.3935363296195513,-1.9630761224594246,2.236155451998216
450,45.0,-2.5789242557561067,-1.7472598393092422,2.081313379544848
451,45.1,-2.7434873891549754,-1.5463489297385575,1.940358628580828
452,45.2,-2.888624443838297,-1.358291378217584,1.8262414552517603
453,45.3,-3.015467571821618,-1.1798440684299978,1.7497433400567304
454,45.4,-3.124774956664013,-1.0068149818298984,1.7189887483044781
455,45.5,-3.2168498783386865,-0.8343484577265032,1.7390750894141886
456,45.6,-3.2914899371667095,-0.6572408947148154,1.8118360162253526
457,45.7,-3.3479687957142974,-0.47027302753547073,1.9357477543809507
458,45.8,-3.385051372135419,-0.2685442341019991,2.1059823131948785
459,45.9,-3.401041954637117,-0.04779424161304144,2.3146054374401483
460,46.0,-3.3938632642735795,0.19530188830240408,2.5509112545172465
461,46.1,-3.361163130988452,0.4628785281863415,2.801879990295147
462,46.2,-3.3004442213475835,0.7556754200852136,3.0527400934077944
463,46.3,-3.2092112159026107,1.0728941033657717,3.287611823886048
464,46.4,-3.0851290222946512,1.41212168992801,3.4902059996911343
465,46.5,-2.9261850605570383,1.7693260865419553,3.6445492891414046
466,46.6,-2.7308483925844778,2.1389238351853637,3.735706281311662
467,46.7,-2.498218499923067,2.5139187574565156,3.7504686072060736
468,46.8,-2.2281568424947436,2.8861066684028724,3.677982621017033
469,46.9,-1.9213949432764454,3.2463386859823813,3.5102895344360636
470,47.0,-1.5796136165510584,3.5848332152179903,3.2427553332726795
471,47.1,-1.20548905588535,3.8915246296815518,2.8743721579606376
472,47.2,-0.8027027790912131,4.156435090470142,2.407917924628856
473,47.3,-0.37591384030937897,4.370054898659048,1.8499665982871052
474,47.4,0.06930679214156366,4.523716314220331,1.2107474796689823
475,47.5,0.5265782886849428,4.609945912295459,0.5038578950418426
476,47.6,0.988845577642758,4.622781282240745,-0.25416045673629384
477,47.7,1.4485443072426656,4.558039177942684,-1.0443657776610165
478,47.8,1.8977897249415197,4.413524048733982,-1.8460604897891486
479,47.9,2.3285830514554413,4.189168147340957,-2.6375109825283234
480,48.0,2.7330281751746592,3.8870970353134195,-3.396715098805604
481,48.1,3.103551016906396,3.511617183679771,-4.102187694054285
482,48.2,3.4331137348327907,3.0691253833031915,-4.733733799440795
483,48.3,3.715416063190854,2.5679427161108777,-5.273179325507434
484,48.4,3.9450765014428306,2.0180787746560327,-5.705030839286747
485,48.5,4.117786777691647,1.43093453688205,-6.017038674325045
486,48.6,4.23043397363348,0.8189546975609101,-6.200641381317061
487,48.7,4.281185881069266,0.19524223258462214,-6.251274148863266
488,48.8,4.269536515854189,-0.42685055135925176,-6.168529136067715
489,48.9,4.196310191202992,-1.0341393099012341,-5.956161450622872
490,49.0,4.0636240907620955,-1.6140177994308567,-5.6219405478702305
491,49.1,3.874810822589208,-2.1548456444739315,-5.177352878288894
492,49.2,3.634303917828465,-2.6462993943564155,-4.637167432720961
493,49.3,3.347490604408984,-3.0796739672358457,-4.018881195299334
494,49.4,3.0205373830982456,-3.4481235213541894,-3.34206620074381
495,49.5,2.6601949139975627,-3.7468331622318027,-2.6276437194913855
496,49.6,2.273589447933863,-3.9731155965918896,-1.8971139092986835
497,49.7,1.868008481121677,-4.126429771985488,-1.1717709640326426
498,49.8,1.4506884560766125,-4.20832157934418,-0.4719342925802702
499,49.9,1.028612172050886,-4.222289723663475,0.18377444625318384
500,50.0,0.608323111279244,-4.173582765822745,0.7790805146134221
501,50.1,0.19576315188289078,-4.0689359915240555,1.3006065264882132
502,50.2,-0.203860845795222,-3.9162590666280472,1.7383031705974823
503,50.3,-0.5861772857137627,-3.7242873008972657,2.0857440613699687
504,50.4,-0.9477139759766912,-3.502210691027743,2.340273992900694
505,50.5,-1.2859246835320832,-3.2592956960585546,2.503005727382368
506,50.6,-1.5991781348649423,-3.004514883590664,2.5786664904221146
507,50.7,-1.886710991749723,-2.7461991673047486,2.5753013301609684
508,50.8,-2.1485477577323695,-2.4917263526635764,2.503846186805699
509,50.9,-2.385391869585496,-2.247258159364866,2.377588687495277
510,51.0,-2.5984933470127713,-2.0175358587082206,2.2115391226546177
511,51.1,-2.7894992691050824,-1.8057422333687358,2.0217375974889262
512,51.2,-2.9602939822141363,-1.613434833857384,1.8245258454977713
513,51.3,-3.112836296159301,-1.4405525799311154,1.6358135409808559
514,51.4,-3.249000980564246,-1.2854947537605739,1.4703691012437112
515,51.5,-3.370431629098602,-1.1452684750818816,1.3411639211115958
516,51.6,-3.4784114269219213,-1.0156979553065313,1.2587967748987878
517,51.7,-3.5737575576931135,-0.8916863095129984,1.2310218428972464
518,51.8,-3.6567439537892295,-0.7675185632217313,1.2623996021885446
519,51.9,-3.7270558689043063,-0.6371928106199547,1.3540848340638534
520,52.0,-3.78377838568028,-0.49476532972268544,1.5037604421992445
521,52.1,-3.8254195178531067,-0.33469488392715513,1.7057198693788655
522,52.2,-3.849967085444205,-0.15217146162379014,1.951094882276244
523,52.3,-3.854977092771631,0.0565846748795758,2.2282196043426943
524,52.4,-3.837689981194637,0.2940665676275521,2.5231161518181846
525,52.5,-3.7951699166048973,0.5612779877650003,2.820082288336637
526,52.6,-3.724461254967854,0.857593752499364,3.102357357248099
527,52.7,-3.62275554912255,1.180689437075213,3.3528395440749073
528,52.8,-3.4875619485275946,1.5265441739606107,3.554825393023086
529,52.9,-3.316873621907881,1.8895172656613135,3.69274153672395
530,53.0,-3.1093229104260804,2.2624963353365195,3.752838836489469
531,53.1,-2.8643182937011553,2.6371118209313495,3.7238205624371847
532,53.2,-2.5821569084495954,3.0040099008264214,3.5973788123287367
533,53.3,-2.264107274124205,3.3531735310425175,3.3686169729329314
534,53.4,-1.9124580157401123,3.6742792725354967,3.0363405248864215
535,53.5,-1.5305296862862208,3.95707607261663,2.6032037024739285
536,53.6,-1.1226482277914958,4.191771198199311,2.0757052360777006
537,53.7,-0.6940801142763318,4.369408139742222,1.4640323996085856
538,53.8,-0.25093073172385294,4.482221529368737,0.781758619230034
539,53.9,0.19999099028461065,4.523954936587654,0.045405732678062916
540,54.0,0.6513373316469129,4.490128788490022,-0.7261126120321127
541,54.1,1.0954103712742247,4.378247553955593,-1.5121451790239862
542,54.2,1.5243678918866657,4.187937658668466,-2.291029836194702
543,54.3,1.9304393566237228,3.921010267673556,-3.040864646160468
544,54.4,2.306144271541419,3.5814459791815896,-3.7402934795909637
545,54.5,2.644505103366644,3.1753015022513633,-4.3692756503205805
546,54.6,2.939247081173059,2.710541421850148,-4.909809656489454
547,54.7,3.1849776681029893,2.1968010675049063,-5.34658288249919
548,54.8,3.377339227238991,1.6450891808617034,-5.667522002672643
549,54.9,3.5131293954620024,1.067441416782867,-5.864222714669901
550,55.0,3.5903848818775894,0.47653761943480033,-5.9322421645653
551,55.1,3.608425775966483,-0.1147027863630401,-5.871242817958676
552,55.2,3.5678589312748943,-0.6935321127770941,-5.6849823682902745
553,55.3,3.470540525029928,-1.2477770206368466,-5.381150322692149
554,55.4,3.3194994222552237,-1.7662173765308022,-4.971057926844672
555,55.5,3.11882443476039,-2.2389272637465676,-4.469193844166477
556,55.6,2.8735199034374492,-2.6575655649552052,-3.892663262677826
557,55.7,2.5893351942128184,-3.015605536219787,-3.260532656253221
558,55.8,2.272574638391699,-3.3084952060285024,-2.5931060950299627
559,55.9,1.9298951304342151,-3.533743163490931,-1.9111616370739686
560,56.0,1.5680989941331123,-3.690927237942699,-1.2351778357164773
561,56.1,1.193929826747651,-3.7816266011332593,-0.5845807051951806
562,56.2,0.8138788268148687,-3.809280822538882,0.022959410122856294
563,56.3,0.4340086140507427,-3.7789822590207764,0.5721536840428016
564,56.4,0.05980077956428087,-3.697210748912604,1.050619147764426
565,56.5,-0.30396760704553555,-3.571521805058366,1.4492814052479224
566,56.6,-0.6533145192760474,-3.4102012733125124,1.7626405167339667
567,56.7,-0.9851078732716549,-3.221900672640753,1.9888903479666968
568,56.8,-1.297083615042987,-3.015268111185353,2.129887566935728
569,56.9,-1.5878273035428236,-2.798589753275466,2.1909724978987106
570,57.0,-1.8567209742547885,-2.5794562930315976,2.1806499733638316
571,57.1,-2.1038584632906843,-2.3644677925472006,2.11014392184
572,57.2,-2.329933630419882,-2.158988611327036,1.9928444691329572
573,57.3,-2.5361069907378253,-1.9669620547116962,1.8436706127023275
574,57.4,-2.723857106145929,-1.7907918870650181,1.6783748813425687
575,57.5,-2.8948236660462108,-1.6312950904605739,1.5128186825801297
576,57.6,-3.050649478825871,-1.4877273126675203,1.3622481765119172
577,57.7,-3.192828590494156,-1.3578794574333641,1.24060045226513
578,57.8,-3.3225674448592972,-1.2382409455410774,1.1598685246331857
579,57.9,-3.440665413441159,-1.1242224343525309,1.1295512643147152
580,58.0,-3.547420176866168,-1.0104283366412279,1.1562109218823902
581,58.1,-3.6425623672025904,-0.8909674247988554,1.2431565413762304
582,58.2,-3.7252226260625756,-0.7597882266099012,1.390266458892308
583,58.3,-3.793932847157219,-0.6110248773653694,1.5939574487861219
584,58.4,-3.8466619104812816,-0.4393386322265581,1.8473021404861485
585,58.5,-3.8808847376227082,-0.24024038132114606,2.1402903200656764
586,58.6,-3.893682063726047,-0.01038024293892817,2.4602238931155447
587,58.7,-3.8818669895689943,0.25220839151105556,2.792229852779853
588,58.8,-3.8421332011823823,0.547921174959692,3.1198707866406004
589,58.9,-3.7712187723965505,0.8754600448347092,3.425828461255106
590,59.0,-3.666078737445941,1.2317813404091846,3.692633003866032
591,59.1,-3.5240591664002032,1.6121178981343152,3.903408278539564
592,59.2,-3.3430653148717746,2.0100752381008204,4.042603306421404
593,59.3,-3.1217165586266122,2.4177989525883046,4.096680037774137
594,59.4,-2.8594812588311824,2.826207511032774,4.054729429724345
595,59.5,-2.556785418296331,3.2252820206530353,3.9089905535489917
596,59.6,-2.215089955619763,3.60440213567409,3.6552512393755117
597,59.7,-1.8369326048685375,3.9527153848002126,3.293113414374165
598,59.8,-1.4259317970533771,4.259525763772263,2.8261116183922255
599,59.9,-0.986751343026044,4.5146865750691445,2.261678976848303
600,60.0,-0.5250262578134304,4.7089822254803995,1.6109609441659467
601,60.1,-0.04725158365347615,4.834484026186782,0.8884831621105398
602,60.2,0.4393624769916951,4.884865966861828,0.11168556612956726
603,60.3,0.9270644740955664,4.85566791927573,-0.6996598112277326
604,60.4,1.4077588648942245,4.744495708890584,-1.5241252591947776
605,60.5,1.8732196682986668,4.551149897055753,-2.339372186753507
606,60.6,2.315313194814665,4.277677846936361,-3.1229357127622412
607,60.7,2.7262220313223047,3.9283465955140127,-3.8530188460070818
608,60.8,3.0986623645220592,3.509537105431025,-4.509265630600764
609,60.9,3.426086936542855,3.029563503550456,-5.073483419954316
610,61.0,3.7028664332778947,2.4984238080095764,-5.530286409515813
611,61.1,3.9244428908614326,1.9274912878500827,-5.867635626737547
612,61.2,4.08744973774326,1.3291578846203753,-6.077254624627626
613,61.3,4.189794328712716,0.7164429634317795,-6.154904992142704
614,61.4,4.2307002244630905,0.10258197932889923,-6.10051128740398
615,61.5,4.210707971125387,-0.4993896083482049,-5.918130900224626
616,61.6,4.131634679828354,-1.0770416948391834,-5.6157704244985815
617,61.7,3.9964942362204314,-1.618929143255262,-5.205056127541306
618,61.8,3.8093814241527193,-2.114931680729117,-4.700771804162934
619,61.9,3.5753245695523206,-2.556541698407587,-4.120282472001465
620,62.0,3.3001124483964355,-2.937089650447557,-3.4828667965962525
621,62.1,2.99010211245645,-3.251899220254239,-2.8089846543789996
622,62.2,2.6520149330374245,-3.4983671956748554,-2.1195087101191685
623,62.3,2.292728521689483,-3.6759659583686095,-1.4349502052038656
624,62.4,1.9190722446582507,-3.7861695283008077,-0.7747092730517061
625,62.5,1.537633803475512,-3.832307091680387,-0.15637901435095491
626,62.6,1.1545838183677337,-3.8193507611445257,0.40486967799499807
627,62.7,0.7755245464314449,-3.753646858823475,0.8967988658494648
628,62.8,0.4053678257946716,-3.642602175538486,1.3104904535927917
629,62.9,0.04824610258240475,-3.4943383574549207,1.6405947981323172
630,63.0,-0.2925409806098311,-3.317328738298587,1.8854322000886012
631,63.1,-0.6145434222691204,-3.1200325252717573,2.0469443541911123
632,63.2,-0.9161416084503419,-2.9105412376630473,2.1304988611298956
633,63.3,-1.1964929155599888,-2.6962516903622515,2.1445557917497577
634,63.4,-1.455447491667457,-2.4835786354674956,2.100210812400409
635,63.5,-1.6934377688407398,-2.2777184721527908,2.0106343072369173
636,63.6,-1.9113472955720214,-2.082473277102872,1.8904300727547154
637,63.7,-2.110365279970724,-1.9001418824113152,1.7549403468313556
638,63.8,-2.2918337692934587,-1.731481936814264,1.6195260421224562
639,63.9,-2.4570946385462973,-1.5757439420004722,1.498851998082977
640,64.0,-2.607343510921816,-1.43077527707274,1.406206809917708
641,64.1,-2.7434973882721216,-1.2931893309392164,1.3528853471488733
642,64.2,-2.8660821450770504,-1.1585921709252864,1.3476594975201563
643,64.3,-2.975145160127067,-1.0218567945398909,1.396359067145034
644,64.4,-3.0701972623303164,-0.8774330359794533,1.5015802797496072
645,64.5,-3.150186895402956,-0.7196797092037368,1.662534126465962
646,64.6,-3.213508012451338,-0.5432046254042215,1.87504113093257
647,64.7,-3.2580417522802594,-0.34319776267283464,2.1316731403156917
648,64.8,-3.2812304840053157,-0.11574310453221945,2.4220367698633156
649,64.9,-3.280181394838881,0.1419045074253312,2.7331873565310896
650,65.0,-3.251795495285572,0.43108977599770704,3.0501569474929755
651,65.1,-3.192916779542762,0.7515849877426724,3.3565751757808715
652,65.2,-3.100495353233476,1.1014837570712497,3.6353580455390184
653,65.3,-2.971757663871642,1.4771658946705566,3.86943681745383
654,65.4,-2.804376569896887,1.8733359432906238,4.042497465039476
655,65.5,-2.5966338788582184,2.2831349340766764,4.139700634472989
656,65.6,-2.347568179733895,2.698321933217143,4.14835270727353
657,65.7,-2.0571012818037584,3.1095190912967556,4.058500410898275
658,65.8,-1.7261373345430449,3.5065112910705603,3.8634243748145476
659,65.9,-1.3566297102559446,3.8785892185968547,3.5600109721094997
660,66.0,-0.9516119443184754,4.2149228492800965,3.1489865629648484
661,66.1,-0.5151903993495042,4.50495101852365,2.6350036767640432
662,66.2,-0.05249779535163235,4.738771990205193,2.0265745188100768
663,66.3,0.4303917304374285,4.907519776416999,1.335853233013863
664,66.4,0.9265838628200969,5.0037114064747685,0.5782743528996467
665,66.5,1.4285180425423416,5.021551375652755,-0.22793940905606558
666,66.6,1.928149188064263,4.957181084597805,-1.0623816771480923
667,66.7,2.4171511791395086,4.808863147221111,-1.9031563886529685
668,66.8,2.887135184543175,4.577092916981819,-2.727634795615253
669,66.9,3.3298752881645433,4.264632361605253,-3.5132465079778856
670,67.0,3.7375335284442865,3.876464394854054,-4.2382741875265495
671,67.1,4.102876429801331,3.419668833470653,-4.882621295420877
672,67.2,4.419475373321838,2.903224167028352,-5.428523297863071
673,67.3,4.681883717586784,2.337742188880016,-5.861174905531273
674,67.4,4.8857844174561755,1.7351451246562146,-6.169249177094786
675,67.5,5.02810296646782,1.1082971085757207,-6.345288526650188
676,67.6,5.107081765290969,0.4706036097541664,-6.385952672518986
677,67.7,5.122313444589656,-0.16440636840218203,-6.292114152433757
678,67.8,5.074732190006573,-0.7834998508322849,-6.068797986169966
679,67.9,4.966563670413004,-1.3741457130241406,-5.724968154975137
680,68.0,4.801235697402593,-1.924891828129863,-5.273169546299973
681,68.1,4.583253184643282,-2.4256997546797816,-4.729039645316245
682,68.2,4.318042273999393,-2.8682248675358286,-4.110709318301547
683,68.3,4.011769600826338,-3.2460319910966446,-3.438116326662866
684,68.4,3.6711435407289374,-3.5547391337903447,-2.7322585643228727
685,68.5,3.3032048809320007,-3.7920847456351168,-2.014416293002801
686,68.6,2.915114668495638,-3.957916914039789,-1.3053737698966335
687,68.7,2.513946993754457,-4.0541059583034595,-0.6246705769067065
688,68.8,2.106494171418859,-4.084384859751497,0.010088325464459702
689,68.9,1.6990911965650817,-4.054124754263505,0.5838372309651833
690,69.0,1.2974655025214767,-3.970055206798994,1.0845459034824407
691,69.1,0.9066169671638142,-3.839941085030665,1.503588667763368
692,69.2,0.5307318471700851,-3.6722294688173385,1.8359727968936288
693,69.3,0.17313291748506032,-3.4756811105733036,2.0804182780540756
694,69.4,-0.16373338798634596,-3.259001456839413,2.2392870010115775
695,69.5,-0.47827353916980153,-3.030486135044279,2.3183654419765642
696,69.6,-0.7696893409613388,-2.797695107084921,2.326510768309566
697,69.7,-1.0378897588200613,-2.5671684222587245,2.275175733651991
698,69.8,-1.2833768729839246,-2.34419471814283,2.1778325513804946
699,69.9,-1.507111702349653,-2.1326413916587867,2.0493199349232327
700,70.0,-1.7103664048601357,-1.934852783808994,1.905140517243793
701,70.1,-1.894569855839115,-1.7516198944681196,1.7607377885734672
702,70.2,-2.0611538098996327,-1.5822221820504447,1.63078244501353
703,70.3,-2.211406758318759,-1.4245390260430812,1.528497591562199
704,70.4,-2.3463422065916286,-1.2752255580218048,1.4650506101484484
705,70.5,-2.466587432527328,-1.1299449143277935,1.4490367523710226
706,70.6,-2.572297871144076,-0.983646637694718,1.4860757584965345
707,70.7,-2.663101146216665,-0.8308790492703455,1.5785381897691793
708,70.8,-2.7380734756155833,-0.6661220033118238,1.7254128753230238
709,70.9,-2.7957497712349997,-0.4841255810685354,1.9223211298980236
710,71.0,-2.83416729159424,-0.2802400125351154,2.161677424422087
711,71.1,-2.8509412456556618,-0.05072244582929675,2.4329902277826005
712,71.2,-2.843369349468447,0.20699289911133745,2.7232910238218526
713,71.3,-2.8085610598741,0.49407318953531165,3.0176742718657272
714,71.4,-2.7435861038769103,0.810124091531565,3.299926531958744
715,71.5,-2.645636033710117,1.1530932046579454,3.55321929998013
716,71.6,-2.51219190275224,1.519244802526031,3.760837440750251
717,71.7,-2.34119080274922,1.9032079648656675,3.906913576212779
718,71.8,-2.131183943534723,2.2980971951193077,3.9771384429738905
719,71.9,-1.881479196029022,2.6957016520876502,3.9594180936151675
720,72.0,-1.5922615491626666,3.0867363035904587,3.844450845958674
721,72.1,-1.26468573128398,3.4611457478598244,3.62620000382557
722,72.2,-0.9009362854790004,3.808449247574013,3.3022424582097005
723,72.3,-0.5042516253405178,4.118113770857831,2.8739781670051574
724,72.4,-0.07890998433976704,4.379940604123865,2.3466910101218916
725,72.5,0.3698233467239908,4.584450443485719,1.7294574062290773
726,72.6,0.8357865823922854,4.723251812079836,1.0349051230164303
727,72.7,1.3120474004508098,4.789378193582863,0.27883067392985694
728,72.8,1.7910604807637134,4.777580397102511,-0.5203106667534825
729,72.9,2.2648515411767742,4.684562331848143,-1.342023106760975
730,73.0,2.7252217076793275,4.509150506475234,-2.1644733711386235
731,73.1,3.1639652109488785,4.252390093776389,-2.965251646527302
732,73.2,3.5730928242850295,3.917563216934804,-3.722161193093216
733,73.3,3.9450531722695175,3.5101281077380517,-4.414006179844669
734,73.4,4.272944057255753,3.037580841663308,-5.021347299545691
735,73.5,4.550706271988797,2.5092443488069334,-5.527195924083978
736,73.6,4.7732929792781995,1.9359922147894602,-5.917619922787513
737,73.7,4.936808620153096,1.329917310612486,-6.182237691582756
738,73.8,5.0386124261807215,0.7039574250456222,-6.314581294493765
739,73.9,5.077382916234284,0.07149173300224543,-6.312314728293618
740,74.0,5.0531412020301065,-0.5540769471382008,-6.177298983563245
741,74.1,4.967232453780506,-1.1597386194174504,-5.915501566403875
742,74.2,4.822266427616803,-1.733275882319967,-5.536754226931681
743,74.3,4.62201946940909,-2.263632263293111,-5.054368572196744
744,74.4,4.371301826127473,-2.7412356213509215,-4.484624787050245
745,74.5,4.075795360678585,-3.1582648986245614,-3.8461536268397367
746,74.6,3.7418678299713304,-3.5088507324812808,-3.1592359848650933
747,74.7,3.3763707075636287,-3.7892030374544787,-2.4450475114202135
748,74.8,2.986428079983345,-3.9976615275790843,-1.7248778445488355
749,74.9,2.57922439893718,-4.134668161271658,-1.0193549233587396
750,75.0,2.1617988210434627,-4.2026635332108135,-0.34770455755057195
751,75.1,1.740853515409762,-4.205912190206984,0.27292606551155574
752,75.2,1.3225826821969167,-4.15026459391428,0.8280548819969044
753,75.3,0.912528128450619,-4.042865883863006,1.30633906334734
754,75.4,0.5154661273823702,-3.8918236137481204,1.6999188802051766
755,75.5,0.13532898918538017,-3.705848162717568,2.004618700937818
756,75.6,-0.2248366523896279,-3.4938805016955117,2.219998239945448
757,75.7,-0.562874325962302,-3.2647223846659217,2.3492531668594125
758,75.8,-0.8774859705751861,-3.026683821932829,2.398970207547166
759,75.9,-1.1681663857206648,-2.78726188631393,2.3787476714460567
760,76.0,-1.4351076644498104,-2.5528635373141073,2.3006976958002383
761,76.1,-1.679078569575134,-2.3285832781767475,2.1788511924669116
762,76.2,-1.9012847827359718,-2.1180441620197348,2.0284903301663744
763,76.3,-2.1032166783601043,-1.9233080287796416,1.8654362313412847
764,76.4,-2.286491720959795,-1.7448579905092205,1.7053212951579808
765,76.5,-2.4526987374784053,-1.5816532039026412,1.5628761081232554
766,76.6,-2.603251171073507,-1.4312529954664428,1.4512602500260177
767,76.7,-2.7392559852992022,-1.2900045559412505,1.3814644722637104
768,76.8,-2.861404176379029,-1.1532858107906088,1.3618087918707535
769,76.9,-2.969887895380232,-1.0157928075755975,1.3975571255928714
770,77.0,-3.0643480206686724,-0.8718591297946365,1.4906643413389609
771,77.1,-3.1438547013522533,-0.715793523823815,1.6396662195468736
772,77.2,-3.206921968177057,-0.5422211641138067,1.839717010154982
773,77.3,-3.2515560373983634,-0.34641381246321534,2.082773274558339
774,77.4,-3.2753354752706754,-0.12459455695710697,2.357916756313167
775,77.5,-3.2755200052438354,0.125796172000621,2.651803367583817
776,77.6,-3.2491834830944097,0.40588505757259563,2.9492202370433342
777,77.7,-3.1933654883033027,0.715210540082591,3.2337283452116856
778,77.8,-3.105235127060976,1.0516349325221623,3.4883647523376555
779,77.9,-2.982260048431248,1.4113285594954132,3.6963759433199295
780,78.0,-2.8223733651559386,1.7888275467511268,3.8419524737251765
781,78.1,-2.62413115769445,2.177163889503016,3.910934955105277
782,78.2,-2.3868535258176915,2.5680634744144695,3.891462473246834
783,78.3,-2.1107427258946467,2.952204940886304,3.774536748471637
784,78.4,-1.7969727718407404,3.3195297541361444,3.5544786350710598
785,78.5,-1.4477459507693258,3.6595917265616307,3.2292577869929984
786,78.6,-1.0663129685412467,3.9619325511291223,2.800681320957668
787,78.7,-0.6569548457683425,4.216468768703403,2.2744328872406387
788,78.8,-0.2249261757899712,4.413875026887202,1.6599594904064423
789,78.9,0.22363912641580014,4.545948524639576,0.9702094510909339
790,79.0,0.6818569717894112,4.605940174317726,0.22123082455193066
791,79.1,1.142253137839298,4.588839226531886,-0.5683548439866247
792,79.2,1.5969489565418948,4.491599846035968,-1.3779835650470482
793,79.3,2.0378663591533837,4.313300330414058,-2.1858606883330194
794,79.4,2.456945182937587,4.05522824079537,-2.9697261080438024
795,79.5,2.846365112414115,3.7208875635311713,-3.7076434003997765
796,79.6,3.19876438925246,3.3159270310975275,-4.378782395684811
797,79.7,3.507447490427452,2.847991780435093,-4.964164885602949
798,79.8,3.7665743417303745,2.326503496811923,-5.447344564477073
799,79.9,3.9713242892668816,1.7623769635325572,-5.814994844769359
800,80.0,4.118028969832063,1.1676834026562115,-6.057381773024886
801,80.1,4.204269366297262,0.5552730517414106,-6.168703759539561
802,80.2,4.228933661649252,-0.061629005026806016,-6.14728504585136
803,80.3,4.192233963155157,-0.6698387083763266,-5.995615561780822
804,80.4,4.095681499199699,-1.2566251198035479,-5.720235840863857
805,80.5,3.9420214356837278,-1.8101034342533158,-5.331471730785018
806,80.6,3.735129956008051,-2.3195943722478294,-4.8430295129894265
807,80.7,3.479877640013879,-2.7759367526784855,-4.271467499780898
808,80.8,3.181964408450204,-3.171741901196781,-3.63556499153718
809,80.9,2.8477323226056708,-3.5015808442253635,-2.955613460326185
810,81.0,2.4839633039732623,-3.762097883798315,-2.2526578214229036
811,81.1,2.0976693363573835,-3.9520470386170934,-1.5477175426121714
812,81.2,1.69588291386291,-4.07225085709435,-0.8610180484192225
813,81.3,1.2854553956747878,-4.125484138876496,-0.21126237527158698
814,81.4,0.8728705274387725,-4.1162880221901474,0.3850286550787354
815,81.5,0.46407970621868566,-4.050722589614782,0.9140822846209136
816,81.6,0.0643646294197392,-3.9360685078831907,1.3653240461775977
817,81.7,-0.3217681842488,-3.7804901547074206,1.7316953928221421
818,81.8,-0.6906578352135242,-3.5926741211054307,2.009827089944703
819,81.9,-1.0395227158534452,-3.3814578550096046,2.200062520368216
820,82.0,-1.366457182508917,-3.1554634971160125,2.306331065827317
821,82.1,-1.6703924877213683,-2.922751642665876,2.3358777238622004
822,82.2,-1.9510246665887265,-2.69050885686293,2.2988608585364547
823,82.3,-2.2087133853894083,-2.4647813141299806,2.207835237465699
824,82.4,-2.444356903951662,-2.2502649815932427,2.077142067008025
825,82.5,-2.6592492301831205,-2.0501604038711254,1.9222314204829007
826,82.6,-2.8549262190201516,-1.8660974647184956,1.7589451143477044
827,82.7,-3.0330077622957123,-1.6981326092800781,1.602789618671281
828,82.8,-3.1950433153946047,-1.5448180249225087,1.4682289303717888
829,82.9,-3.3423678076559646,-1.4033393188285386,1.3680264774301678
830,83.0,-3.4759744948678897,-1.2697154156391115,1.3126630945655193
831,83.1,-3.5964105540874653,-1.1390518414671815,1.3098549972007614
832,83.2,-3.703700224443158,-1.0058363642721602,1.3641916058795862
833,83.3,-3.797299103145852,-0.8642642131069862,1.4769082009036756
834,83.4,-3.8760818622103876,-0.7085788703803265,1.6458029120100708
835,83.5,-3.9383642129375307,-0.5334137714737797,1.8653016896339696
836,83.6,-3.981958470413489,-0.3341201815120393,2.126668897264352
837,83.7,-4.00426061901961,-0.10706705266255517,2.4183552491254
838,83.8,-4.002365411163439,0.15010022405085627,2.726469230797858
839,83.9,-3.973204800822892,0.438253615002012,3.035353106236755
840,84.0,-3.913703971210766,0.7566381201594948,3.3282403347245815
841,84.1,-3.82094840457267,1.102796167415112,3.5879678673360567
842,84.2,-3.6923548952547534,1.4725647862302844,3.7977144992472933
843,84.3,-3.525839147573265,1.8601466725369276,3.9417353141676834
844,84.4,-3.319972639047795,2.2582532533664734,4.006062316749142
845,84.5,-3.074121766629357,2.6583149222985587,3.979142606608305
846,84.6,-2.7885629161266454,3.0507508632710065,3.852387854340261
847,84.7,-2.4645679791208943,3.4252884210844967,3.620612300473149
848,84.8,-2.1044559527708016,3.771319910921663,3.282340875515151
849,84.9,-1.7116075524172416,4.078283169631264,2.839974159237252
850,85.0,-1.2904411937732776,4.3360511027211786,2.299802556584578
851,85.1,-0.8463502043239832,4.535315015772435,1.6718680409926514
852,85.2,-0.38560264282780454,4.667946656922295,0.9696778656460696
853,85.3,0.08479341878956742,4.727324633746779,0.2097805284645159
854,85.4,0.557254923983,4.70861217503457,-0.5887802371163591
855,85.5,1.0238137277411221,4.60897503458698,-1.4051128048298074
856,85.6,1.4763249075669358,4.42773060859619,-2.217201634066436
857,85.7,1.9066862727287206,4.166421970779237,-3.0026801032129105
858,85.8,2.307061368337447,3.828813416410465,-3.7396224304066257
859,85.9,2.670098080610991,3.4208071336618144,-4.407324104157373
860,86.0,2.989135064253958,2.950283668555203,-4.987040645299384
861,86.1,3.2583886282375416,2.426871797807266,-5.462656114536524
862,86.2,3.4731134165311484,1.8616561552789082,-5.821255503582631
863,86.3,3.6297311783691617,1.2668333645686662,-6.053578894740798
864,86.4,3.7259231010880884,0.6553294173099263,-6.154339895156913
865,86.5,3.7606825313807035,0.04039252539825966,-6.122396164582184
866,86.6,3.7343263850350192,-0.5648233930882108,-5.960765648452374
867,86.7,3.6484650831194827,-1.1476690967680439,-5.676488171504495
868,86.8,3.505932393908156,-1.6963890442695275,-5.280338101134865
869,86.9,3.310678044271868,-2.2004746946464824,-4.786399613995525
870,87.0,3.067627333743733,-2.650969147854984,-4.211521462852784
871,87.1,2.78251318554258,-3.040712118891483,-3.5746728307927724
872,87.2,2.461687054760616,-3.364516597292728,-2.8962256906117054
873,87.3,2.1119158465112,-3.6192712354317442,-2.1971919070711903
874,87.4,1.740172447983753,-3.8039654273980403,-1.4984450173157415
875,87.5,1.353427631144996,-3.9196370692845575,-0.819957133530828
876,87.6,0.9584509321873338,-3.9692460111712617,-0.1800807126042121
877,87.7,0.5616276667252666,-3.9574791012294295,0.4050969410032166
878,87.8,0.1687985149014667,-3.8904953686559445,0.9223015549714286
879,87.9,-0.21487286229448177,-3.775622189876144,1.361501232936488
880,88.0,-0.5849998955453042,-3.62101514089545,1.7162011345127843
881,88.1,-0.9380379307167968,-3.435295584686811,1.983592787430929
882,88.2,-1.271312314309222,-3.2271808234166333,2.1645531679173273
883,88.3,-1.5830097490794288,-3.0051218310604533,2.263494708771491
884,88.4,-1.8721344137980458,-2.7769631662343937,2.2880733605468246
885,88.5,-2.1384317558332127,-2.5496386655722536,2.248767501717817
886,88.6,-2.382284152456702,-2.3289149757060166,2.1583456425123857
887,88.7,-2.604583745133613,-2.119192959502231,2.031245288923656
888,88.8,-2.806588636512137,-1.9233745914476013,1.8828888520896434
889,88.9,-2.9897692673055727,-1.7428002356106558,1.7289649636782563
890,89.0,-3.1556521350826037,-1.5772582870401088,1.58470489177367
891,89.1,-3.3056680658594177,-1.4250661709826875,1.464183891276461
892,89.2,-3.4410120009275733,-1.2832187540007653,1.379676262993502
893,89.3,-3.5625207261171674,-1.1475974451289612,1.3410906792855077
894,89.4,-3.670574170774418,-1.013230765194505,1.3555090504619507
895,89.5,-3.765024871852914,-0.8745950388249879,1.4268479867966826
896,89.6,-3.8451589767302687,-0.7259422018727811,1.5556569251949222
897,89.7,-3.909690796358171,-0.5616405838870341,1.739061436924408
898,89.8,-3.9567914734740617,-0.3765139665722165,1.9708543358267312
899,89.9,-3.9841508576193934,-0.16616425759150688,2.24173120123667
900,90.0,-3.9890702394733433,0.07273624660743652,2.539661056989693
901,90.1,-3.968582250053742,0.34219583012968446,2.850377442684178
902,90.2,-3.9195930305264084,0.6427086523194975,3.1579701964303246
903,90.3,-3.839040774704509,0.9731232790392172,3.445554136869589
904,90.4,-3.724063979986735,1.330580813030319,3.695987652166123
905,90.5,-3.5721722451708047,1.7105261721560268,3.8926121028868104
906,90.6,-3.381412246223952,2.106793098247168,4.019982009085081
907,90.7,-3.1505216130284324,2.5117604795439505,4.06455625789533
908,90.8,-2.8790638186958017,2.9165746565282835,4.015322026969205
909,90.9,-2.5675378637162876,3.311429671107875,3.8643257139344107
910,91.0,-2.217457464116255,3.6858950214632697,3.6070887901778534
911,91.1,-1.8313955997765716,4.0292784958604875,3.2428910148246604
912,91.2,-1.4129916010918833,4.331010158609433,2.774908672411607
913,91.3,-0.966919397122901,4.581032610932018,2.210201227662659
914,91.4,-0.4988170592022079,4.770182287757272,1.559545795042104
915,91.5,-0.015179290756014263,4.89054679392414,0.8371248604262461
916,91.6,0.47678402329589775,4.93578412143401,0.060078526809641875
917,91.7,0.9693187439534312,4.901390991017068,-0.7520620469883678
918,91.8,1.4543212346517478,4.784909471669885,-1.5780386012315863
919,91.9,1.923550328496023,4.5860633760135325,-2.3956018078282018
920,92.0,2.368849169485527,4.306818615032042,-3.18229115961871
921,92.1,2.7823691539285065,3.9513646170610786,-3.91622870422784
922,92.2,3.1567880603109857,3.5260169574575704,-4.576896004638557
923,92.3,3.4855146231106984,3.0390443870031496,-5.145864313205121
924,92.4,3.762872272415897,2.500426368526502,-5.6074497371525265
925,92.5,3.984255508863533,1.9215499169440795,-5.949268081034576
926,92.6,4.146253383374188,1.3148568817060036,-6.162667960064329
927,92.7,4.246735764477302,0.6934547198292285,-6.243025532782108
928,92.8,4.284899455301754,0.07070520686908255,-6.189889613631609
929,92.9,4.261272713612247,-0.540193632880543,-6.006971780961097
930,93.0,4.177678273245943,-1.1266168597363562,-5.701982161446555
931,93.1,4.037156503492879,-1.6768980694281286,-5.286317607285004
932,93.2,3.8438518142145144,-2.180676778407391,-4.774614748303227
933,93.3,3.60286676134063,-2.629195077370106,-4.184185668705599
934,93.4,3.3200894773244203,-3.0155328963984527,-3.534358518753268
935,93.5,3.0020009987144958,-3.334773647868356,-2.8457490446147107
936,93.6,2.6554697516125323,-3.584094752709484,-2.139491659708903
937,93.7,2.287540859112763,-3.762780502888735,-1.4364601839870352
938,93.8,1.9052280378823743,-3.8721577510904632,-0.7565086849517593
939,93.9,1.5153156507759933,-3.9154579269483802,-0.11776195460750638
940,94.0,1.1241779877480838,-3.8976117385951423,0.46401691316685045
941,94.1,0.7376220789615104,-3.8249855155210852,0.9759575366950717
942,94.2,0.36075933334650817,-3.7050703810991807,1.4084916602490707
943,94.3,-0.002089916032556316,-3.5461372225904353,1.7556256871590936
944,94.4,-0.34745624264438735,-3.356871683069786,2.015066562136757
945,94.5,-0.6727440776177431,-3.146004084487714,2.1881971212731264
946,94.6,-0.9762180260334989,-2.921949277834277,2.2799030600548584
947,94.7,-1.2569542719445284,-2.692470902806017,2.2982596041081504
948,94.8,-1.514760193975879,-2.4643834471559245,2.254091567448402
949,94.9,-1.7500665752658082,-2.243303869778997,2.160425525456348
950,95.0,-1.9637978667783484,-2.033462457583739,2.031857113644174
951,95.1,-2.157226808954443,-1.8375801089973136,1.883859817898745
952,95.2,-2.3318202998366924,-1.6568164764777227,1.7320639138587994
953,95.3,-2.489083695358798,-1.4907904678459878,1.5915353514226465
954,95.4,-2.6304107280890174,-1.3376716196054803,1.4760843202409473
955,95.5,-2.756945934956254,-1.1943379347827643,1.3976319764526615
956,95.6,-2.869465904881369,-1.0565930406032111,1.3656614106535687
957,95.7,-2.96828481770687,-0.9194330775144296,1.3867754886725707
958,95.8,-3.0531886807338258,-0.77735167891486,1.4643798385499318
959,95.9,-3.123401421971304,-0.6246698229496069,1.5985041639050592
960,96.0,-3.1775846206423526,-0.45587629741055113,1.7857694397499397
961,96.1,-3.2138712016243627,-0.26596405808972434,2.0195026170729893
962,96.2,-3.229931950429298,-0.05074789862898518,2.2899944647409143
963,96.3,-3.2230722788275665,0.19285041924223176,2.584890351739787
964,96.4,-3.1903553463483,0.4665621311802659,2.8896983529534634
965,96.5,-3.128746473665016,0.7705872799482034,3.1883942648387356
966,96.6,-3.0352728181065225,1.1034748699663082,3.464099135953097
967,96.7,-2.9071915588987625,1.4620732687664884,3.6998019112319107
968,96.8,-2.742159390203489,1.8415539122973714,3.8790978792120496
969,96.9,-2.5383959626065358,2.2355083931570423,3.986912875310118
970,97.0,-2.2948340557574833,2.636116019499899,4.01018366220013
971,97.1,-2.011249701709012,3.034376047493386,3.938466562660075
972,97.2,-1.6883661936593173,3.4203961275644783,3.764449195937841
973,97.3,-1.327926880599598,3.783726171277943,3.4843439559331646
974,97.4,-0.9327328270639375,4.113724935488229,3.098146518070193
975,97.5,-0.5066427624395078,4.399945210562775,2.609747986985557
976,97.6,-0.05453420304546569,4.632522647258711,2.026895087340349
977,97.7,0.41777385528002164,4.8025529973391015,1.3609988247826703
978,97.8,0.9036347660800954,4.902442887739259,0.6267980634931786
979,97.9,1.395721228656813,4.926220184477762,-0.15810975892978574
980,98.0,1.8862007737208324,4.869791494417377,-0.9738532593557304
981,98.1,2.3669339105378104,4.731136342141032,-1.7989649472373421
982,98.2,2.8296881788236097,4.510429967507264,-2.6111263982887842
983,98.3,3.2663606775617353,4.210089422047232,-3.387952166917176
984,98.4,3.669201256861939,3.834740591458919,-4.1077822473484655
985,98.5,4.031028473827583,3.3911068205653163,-4.750452493050125
986,98.6,4.345430633140619,2.8878228457115958,-5.29801321319571
987,98.7,4.606944749641885,2.3351806279119187,-5.7353681519862665
988,98.8,4.811207063775605,1.744816313867126,-6.050809143229765
989,98.9,4.955069780616888,1.1293498270697424,-6.236425796514189
990,99.0,5.036679948804808,0.5019904176105179,-6.288374451542596
991,99.1,5.055517798420924,-0.12387719519263896,-6.206996140201381
992,99.2,5.012393361836269,-0.7351107201406116,-5.996779203404746
993,99.3,4.90940174992021,-1.3192167324378308,-5.66616828732124
994,99.4,4.749838987188139,-1.8647306282639933,-5.227227450113045
995,99.5,4.538081763595652,-2.361556132501487,-4.695170807534616
996,99.6,4.279435780981607,-2.801252002775241,-4.087779307709337
997,99.7,3.9799585071724124,-3.177255660049519,-3.424726647538338
998,99.8,3.6462630564103526,-3.4850359608974784,-2.726840850375871
999,99.9,3.2853105561037785,-3.7221701104560374,-2.0153304781674115
1000,100.0,2.9041987124618833,-3.888342687435357,-1.3110057544916347
